{"cameraMode":{"drawMode":0,"name":"Shaded","section":"Shading Mode"},"sceneLighting":false,"audioPlay":false,"sceneViewState":{"m_AlwaysRefresh":false,"showFog":true,"showSkybox":false,"showFlares":true,"showImageEffects":true,"showParticleSystems":true,"showVisualEffectGraphs":true,"m_FxEnabled":true},"in2DMode":false,"pivot":{"x":20.350000381469728,"y":0.7049503326416016,"z":1.1920928955078126e-7},"rotation":{"x":-0.003998783882707357,"y":-0.02499733865261078,"z":-0.0001000120973912999,"w":0.9996815919876099},"size":2.0349061489105226,"orthographic":false}